{"camera_matrix": [[2085.4159146805323, 0.0, 1148.4264238731403], [0.0, 2081.546003047629, 790.0377744644074], [0.0, 0.0, 1.0]], "dist_coeff": [[0.020513211878008017, -0.38588468516917407, 0.005600115703970824, 0.012111562135710205, 2.66038039807393]]}