{"camera_matrix": [[581.5776347427477, 0.0, 345.120325167835], [0.0, 580.6905120295608, 244.63647666611948], [0.0, 0.0, 1.0]], "dist_coeff": [[-0.2634978333836847, -0.540562680385177, -0.00021971548190154595, -0.0029920783484676796, 1.835011346570344]]}
